"Land use, agriculture and investment"
"Land use, agriculture and investment","Land use"
"Land use, agriculture and investment","Land grabbing"
"Land use, agriculture and investment","Land cover"
"Land use, agriculture and investment","Land conflict"
"Land use, agriculture and investment","Land investment"
"Land use, agriculture and investment","National Grabs"
"Land use, agriculture and investment","Land concentration"
"Land use, agriculture and investment","Commercial pressure on Land"
"Land use, agriculture and investment","Evictions"
"Land use, agriculture and investment","Investment funds"
"Land use, agriculture and investment","Land acquisition"
"Land use, agriculture and investment","Agribusiness"
"Land use, agriculture and investment","Free Trade Agreement"
"Land use, agriculture and investment","Government purchase"
"Urban land"
"Urban land","Urban Planning"
"Urban land","Tenure urban"
"Rangelands"
"Rangelands","Pastoralists rights"
"Rangelands","Common rights"
"Rangelands","Agropastoral systems"
"Land Administration"
"Land Administration","Cadastral administration"
"Collective tenure rights"
"Collective tenure rights","community land rights"
"Collective tenure rights","Collective ownership"
"Climate Change and environment"
"Climate Change and environment","Energy"
"Climate Change and environment","Environmental degradation"
"Climate Change and environment","Land deforestation"
"Climate Change and environment","Land environment"
"Climate Change and environment","Land tenure climate"
"Climate Change and environment","REDD"
"Land and Gender"
"Land and Gender","Land+ Inheritance+rights"
"Land and Gender","Land+gender"
"Land and Gender","Land+women"
"Land and Gender","Land+ownership"
"Land and Gender","Land+HIV/AIDS"
"Land and Gender","Land Rights+orphans"
"Land and Gender","Land rights+ gender"
"Land and Gender","Land policy+ gender"
"Land and Gender","Legal literacy/ legal empowerment"
"Land and Gender","Marital property rights"
"Land and Gender","Rights in divorce"
"Land and Gender","Customary+Land+Rights"
"Land and Gender","CEDAW"
"Land and Gender","Co-Ownership rights"
"Land and Gender","Joint titling"
"Land and Gender","Gender+tenure"
"Land and Food security"
"Land and Food security","Livestock"
"Land and Food security","Food prices"
"Land and Food security","Family farming"
"Land and Food security","Food sovereignty"
"Land and Food security","Land and rights to food"
"Indigenous people"
"Indigenous people","Land indigenous"
"Indigenous people","Tenure indigenous"
"Indigenous people","Indigenous tenure systems"
"Forest tenure"
"Forest tenure","Agroforestry"
"Forest tenure","Forest rights"
"Forest tenure","Forestry  tenure"
"Forest tenure","Forests"
